Column1,Column2,Correlation
ACCIDENT_TYPE,DCA_CODE,0.7235797921235239
DCA_CODE,ACCIDENT_TYPE,0.7235797921235239
NODE_ID,DCA_CODE,0.27291901672610797
DCA_CODE,NODE_ID,0.2729190167261079
SPEED_ZONE,DCA_CODE,0.2491547935885099
DCA_CODE,SPEED_ZONE,0.24915479358850984
ACCIDENT_TYPE,SPEED_ZONE,0.18760828522144724
SPEED_ZONE,ACCIDENT_TYPE,0.18760828522144724
ACCIDENT_TYPE,NODE_ID,0.15223521704859944
NODE_ID,ACCIDENT_TYPE,0.15223521704859944
NODE_ID,SPEED_ZONE,0.14254561751585487
SPEED_ZONE,NODE_ID,0.14254561751585487
DCA_CODE,LIGHT_CONDITION,0.1030230076918844
LIGHT_CONDITION,DCA_CODE,0.1030230076918844
ACCIDENT_TYPE,LIGHT_CONDITION,0.08683213076638388
LIGHT_CONDITION,ACCIDENT_TYPE,0.08683213076638387
LIGHT_CONDITION,SPEED_ZONE,0.05237996382718557
SPEED_ZONE,LIGHT_CONDITION,0.05237996382718557
LIGHT_CONDITION,NODE_ID,0.04060647626121815
NODE_ID,LIGHT_CONDITION,0.04060647626121815
DAY_OF_WEEK,LIGHT_CONDITION,0.008289996827267448
LIGHT_CONDITION,DAY_OF_WEEK,0.008289996827267446
ACCIDENT_TYPE,DAY_OF_WEEK,-0.003924884627184642
DAY_OF_WEEK,ACCIDENT_TYPE,-0.003924884627184645
LIGHT_CONDITION,SEVERITY,-0.005809443592910697
SEVERITY,LIGHT_CONDITION,-0.005809443592910699
SPEED_ZONE,DAY_OF_WEEK,-0.007306128518209398
DAY_OF_WEEK,SPEED_ZONE,-0.007306128518209402
DAY_OF_WEEK,DCA_CODE,-0.011609246602102573
DCA_CODE,DAY_OF_WEEK,-0.01160924660210258
SEVERITY,NODE_ID,-0.031375330563805676
NODE_ID,SEVERITY,-0.03137533056380568
SEVERITY,DAY_OF_WEEK,-0.03518329301942013
DAY_OF_WEEK,SEVERITY,-0.035183293019420143
DAY_OF_WEEK,NODE_ID,-0.04411984513970368
NODE_ID,DAY_OF_WEEK,-0.04411984513970368
SEVERITY,DCA_CODE,-0.06171124514214199
DCA_CODE,SEVERITY,-0.061711245142142
ACCIDENT_TYPE,SEVERITY,-0.09318887371146853
SEVERITY,ACCIDENT_TYPE,-0.09318887371146854
SEVERITY,SPEED_ZONE,-0.13139166942364114
SPEED_ZONE,SEVERITY,-0.13139166942364114
